City_ID,City,Country,Date,Lat,Lng,Max Temp,Humidity,Cloudiness,Wind Speed
0,Diego De Almagro,CL,2022-02-02 18:52:09,-26.3667,-70.05,82.98,15,0,15.26
1,Ushuaia,AR,2022-02-02 18:47:46,-54.8,-68.3,49.62,65,75,29.93
2,Albany,US,2022-02-02 18:48:26,42.6001,-73.9662,44.73,72,94,3.0
3,Butaritari,KI,2022-02-02 18:52:10,3.0707,172.7902,80.91,80,64,16.91
4,Port Elizabeth,ZA,2022-02-02 18:52:10,-33.918,25.5701,74.1,100,75,16.11
5,Rikitea,PF,2022-02-02 18:47:37,-23.1203,-134.9692,77.54,75,100,7.05
6,Port Alfred,ZA,2022-02-02 18:48:12,-33.5906,26.891,74.77,95,100,16.71
7,Avarua,CK,2022-02-02 18:50:46,-21.2078,-159.775,80.65,83,20,14.97
8,Geraldton,AU,2022-02-02 18:52:11,-28.7667,114.6,88.21,15,0,17.27
9,Nikolskoye,RU,2022-02-02 18:52:11,59.7035,30.7861,22.89,99,98,1.03
10,Mataura,NZ,2022-02-02 18:52:11,-46.1927,168.8643,56.48,99,100,4.9
11,Onega,RU,2022-02-02 18:52:11,63.9061,38.1404,2.25,99,84,2.1
12,Naryan-Mar,RU,2022-02-02 18:52:12,67.6713,53.087,7.68,96,100,8.39
13,Chuy,UY,2022-02-02 18:51:09,-33.6971,-53.4616,82.15,55,0,13.33
14,Esperance,AU,2022-02-02 18:52:12,-33.8667,121.9,57.04,74,5,12.33
15,Tasiilaq,GL,2022-02-02 18:48:29,65.6145,-37.6368,15.96,71,100,7.2
16,Qaanaaq,GL,2022-02-02 18:47:44,77.484,-69.3632,-17.23,68,100,6.78
17,Alghero,IT,2022-02-02 18:52:12,40.5589,8.3181,51.98,87,40,2.3
18,Yellowknife,CA,2022-02-02 18:52:13,62.456,-114.3525,-24.72,74,20,2.3
19,Salalah,OM,2022-02-02 18:52:13,17.0151,54.0924,74.3,35,0,4.92
20,Punta Arenas,CL,2022-02-02 18:52:13,-53.15,-70.9167,48.31,87,75,8.05
21,Amahai,ID,2022-02-02 18:50:53,-3.3333,128.9167,77.58,85,100,5.91
22,Evensk,RU,2022-02-02 18:49:40,61.95,159.2333,21.36,42,100,24.58
23,Busselton,AU,2022-02-02 18:47:58,-33.65,115.3333,67.05,48,100,16.22
24,Mackay,AU,2022-02-02 18:52:14,-21.15,149.2,78.78,89,40,4.61
25,Bredasdorp,ZA,2022-02-02 18:52:08,-34.5322,20.0403,72.72,68,26,12.66
26,Victoria,HK,2022-02-02 18:48:46,22.2855,114.1577,58.24,93,100,1.01
27,Hermanus,ZA,2022-02-02 18:52:14,-34.4187,19.2345,67.8,83,9,13.11
28,Melton Mowbray,GB,2022-02-02 18:52:15,52.7659,-0.8869,49.89,86,100,7.43
29,Guerrero Negro,MX,2022-02-02 18:52:15,27.9769,-114.0611,63.48,54,6,14.07
30,Merke,KZ,2022-02-02 18:52:15,42.8728,73.1786,36.45,52,100,1.63
31,Norman Wells,CA,2022-02-02 18:51:53,65.282,-126.8329,-30.96,68,75,3.44
32,Georgetown,MY,2022-02-02 18:51:56,5.4112,100.3354,80.89,90,20,1.01
33,Sistranda,NO,2022-02-02 18:47:57,63.7256,8.834,30.16,55,100,14.38
34,Anori,BR,2022-02-02 18:52:16,-3.7728,-61.6442,86.63,66,59,5.14
35,Manzanillo,CU,2022-02-02 18:47:28,20.3433,-77.1167,86.05,45,74,14.25
36,Yulara,AU,2022-02-02 18:48:34,-25.2406,130.9889,66.04,72,100,8.05
37,Deputatskiy,RU,2022-02-02 18:52:16,69.3,139.9,-22.49,94,26,6.17
38,Tiksi,RU,2022-02-02 18:52:17,71.6872,128.8694,-5.19,99,100,6.02
39,Longyearbyen,SJ,2022-02-02 18:47:36,78.2186,15.6401,17.44,73,20,20.71
40,Hobart,AU,2022-02-02 18:51:09,-42.8794,147.3294,55.26,73,75,11.5
41,Bluff,NZ,2022-02-02 18:52:17,-46.6,168.3333,56.8,77,100,14.58
42,Sambava,MG,2022-02-02 18:52:17,-14.2667,50.1667,78.26,79,100,6.2
43,Faanui,PF,2022-02-02 18:52:18,-16.4833,-151.75,80.76,75,19,18.23
44,Mildura,AU,2022-02-02 18:50:22,-34.2,142.15,57.16,54,0,6.91
45,Coos Bay,US,2022-02-02 18:52:18,43.3665,-124.2179,48.15,98,100,1.14
46,Basco,PH,2022-02-02 18:52:05,20.4487,121.9702,74.73,74,100,13.76
47,Ostrovnoy,RU,2022-02-02 18:53:18,68.0531,39.5131,21.15,86,100,15.64
48,Khatanga,RU,2022-02-02 18:53:19,71.9667,102.5,-38.25,99,58,1.95
49,Vaini,TO,2022-02-02 18:53:19,-21.2,-175.2,73.56,94,20,0.0
50,Saint Anthony,US,2022-02-02 18:49:46,45.0205,-93.218,8.42,57,0,5.99
51,Tautira,PF,2022-02-02 18:53:19,-17.7333,-149.15,84.22,76,25,18.28
52,Thompson,CA,2022-02-02 18:53:20,55.7435,-97.8558,-16.44,58,0,13.8
53,Baft,IR,2022-02-02 18:53:20,29.234,56.6057,40.03,31,0,4.0
54,Lebu,CL,2022-02-02 18:49:04,-37.6167,-73.65,65.26,76,29,10.42
55,Cap Malheureux,MU,2022-02-02 18:53:21,-19.9842,57.6142,79.47,86,100,21.99
56,Guiratinga,BR,2022-02-02 18:53:21,-16.3494,-53.7583,80.47,78,68,7.85
57,Vestmannaeyjar,IS,2022-02-02 18:53:22,63.4427,-20.2734,29.39,93,20,11.5
58,Teahupoo,PF,2022-02-02 18:53:22,-17.8333,-149.2667,78.76,75,28,18.7
59,Port Hawkesbury,CA,2022-02-02 18:49:37,45.6169,-61.3485,32.74,71,75,5.01
60,Ostersund,SE,2022-02-02 18:53:22,63.1792,14.6357,9.61,92,100,3.44
61,Cherdyn,RU,2022-02-02 18:53:23,60.403,56.4787,22.96,94,100,7.83
62,East London,ZA,2022-02-02 18:53:23,-33.0153,27.9116,77.94,100,40,6.91
63,Chulumani,BO,2022-02-02 18:53:23,-16.4096,-67.5263,72.81,78,100,4.23
64,Jamestown,US,2022-02-02 18:52:08,42.097,-79.2353,42.44,48,40,12.66
65,Orangeburg,US,2022-02-02 18:53:24,33.4918,-80.8557,64.94,59,49,4.0
66,Shumskiy,RU,2022-02-02 18:53:24,54.8318,99.1328,-6.88,99,91,2.33
67,Novaya Maka,RU,2022-02-02 18:53:24,41.7717,48.3615,38.35,85,49,1.74
68,Koumac,NC,2022-02-02 18:53:25,-20.5667,164.2833,76.59,84,4,7.92
69,Burns Lake,CA,2022-02-02 18:53:25,54.2331,-125.7533,2.62,91,100,3.71
70,Bandar-E Anzali,IR,2022-02-02 18:53:25,37.4727,49.4622,42.91,61,0,2.77
71,Kapaa,US,2022-02-02 18:53:25,22.0752,-159.319,69.48,98,6,4.25
72,Ridgecrest,US,2022-02-02 18:52:21,35.6225,-117.6709,51.66,14,0,4.0
73,Faya,SA,2022-02-02 18:53:26,18.3851,42.4509,59.52,72,14,1.81
74,Sorland,NO,2022-02-02 18:53:26,67.667,12.6934,28.26,54,100,19.66
75,Kasongo-Lunda,CD,2022-02-02 18:53:26,-6.4667,16.8167,72.45,94,100,2.24
76,Hoquiam,US,2022-02-02 18:53:27,46.9809,-123.8893,44.02,96,100,8.05
77,Koslan,RU,2022-02-02 18:53:27,63.4564,48.8989,12.67,99,100,3.56
78,Shingu,JP,2022-02-02 18:53:27,33.7333,135.9833,40.91,81,92,6.71
79,Santa Maria,BR,2022-02-02 18:53:27,-29.6842,-53.8069,96.1,28,20,4.61
80,General Roca,AR,2022-02-02 18:53:28,-39.0333,-67.5833,94.62,16,1,18.72
81,Hithadhoo,MV,2022-02-02 18:53:28,-0.6,73.0833,82.35,70,100,7.56
82,Carros,FR,2022-02-02 18:53:28,43.7894,7.184,55.31,60,0,3.44
83,Leningradskiy,RU,2022-02-02 18:53:29,69.3833,178.4167,-13.7,96,30,10.22
84,Muros,ES,2022-02-02 18:53:29,42.7762,-9.0603,57.7,71,100,3.65
85,Manakara,MG,2022-02-02 18:53:29,-22.1333,48.0167,74.66,82,20,6.58
86,Tuktoyaktuk,CA,2022-02-02 18:52:13,69.4541,-133.0374,-25.6,68,20,10.36
87,Mar Del Plata,AR,2022-02-02 18:53:30,-38.0023,-57.5575,89.62,50,0,11.99
88,Narsaq,GL,2022-02-02 18:48:49,60.9167,-46.05,7.02,69,16,5.88
89,Barrow,US,2022-02-02 18:53:30,71.2906,-156.7887,-28.52,100,29,4.38
90,Kirakira,SB,2022-02-02 18:54:30,-10.4544,161.9205,79.47,85,100,6.64
91,Cape Town,ZA,2022-02-02 18:52:23,-33.9258,18.4232,67.12,89,75,1.99
92,Bassila,BJ,2022-02-02 18:54:31,9.0081,1.6654,87.67,13,100,3.24
93,Libourne,FR,2022-02-02 18:54:31,44.9167,-0.25,51.22,89,0,3.89
94,Henties Bay,NA,2022-02-02 18:54:31,-22.116,14.2845,70.86,80,82,5.97
95,Miguel Alves,BR,2022-02-02 18:54:32,-4.1656,-42.8953,95.2,33,20,2.66
96,Alaca,TR,2022-02-02 18:54:32,40.1683,34.8425,31.48,91,100,4.47
97,Lafayette,US,2022-02-02 18:49:43,30.2335,-92.0668,77.13,77,75,0.0
98,Gat,IL,2022-02-02 18:54:32,31.61,34.7642,61.39,60,99,5.68
99,Banjar,ID,2022-02-02 18:50:06,-8.19,114.9675,82.26,91,93,5.06
100,Fortuna,US,2022-02-02 18:54:33,40.5982,-124.1573,51.93,58,0,4.0
101,Christchurch,NZ,2022-02-02 18:49:54,-43.5333,172.6333,78.01,65,100,1.99
102,Sur,OM,2022-02-02 18:51:42,22.5667,59.5289,73.62,52,2,16.62
103,Tura,IN,2022-02-02 18:54:33,25.5198,90.2201,60.4,54,96,4.41
104,Kaitangata,NZ,2022-02-02 18:54:33,-46.2817,169.8464,56.89,96,100,9.06
105,Cidreira,BR,2022-02-02 18:54:13,-30.1811,-50.2056,78.75,76,0,15.3
106,Upernavik,GL,2022-02-02 18:50:51,72.7868,-56.1549,-4.41,68,100,6.49
107,Ardakan,IR,2022-02-02 18:54:34,32.31,54.0175,50.38,34,0,4.54
108,Chiredzi,ZW,2022-02-02 18:54:34,-21.05,31.6667,79.77,47,6,5.08
109,Fevik,NO,2022-02-02 18:54:34,58.3794,8.6766,32.09,85,100,12.68
110,Mlonggo,ID,2022-02-02 18:54:34,-6.5333,110.7,80.49,88,53,5.28
111,Dikson,RU,2022-02-02 18:54:35,73.5069,80.5464,-8.66,98,99,11.48
112,Hilo,US,2022-02-02 18:54:35,19.7297,-155.09,75.25,85,69,1.01
113,Balkanabat,TM,2022-02-02 18:53:36,39.5108,54.3671,51.31,37,0,9.98
114,Provideniya,RU,2022-02-02 18:54:35,64.3833,-173.3,4.39,65,0,22.95
115,Channel-Port Aux Basques,CA,2022-02-02 18:54:36,47.5702,-59.1367,26.1,70,65,15.64
116,Severo-Kurilsk,RU,2022-02-02 18:54:36,50.6789,156.125,25.36,85,91,3.22
117,Lorengau,PG,2022-02-02 18:54:36,-2.0226,147.2712,79.68,80,100,11.45
118,Varadero,CU,2022-02-02 18:54:37,23.1536,-81.2514,77.92,66,40,20.07
119,Roald,NO,2022-02-02 18:54:37,62.5833,6.1333,33.94,64,40,9.22
120,Cheney,US,2022-02-02 18:49:51,47.4874,-117.5758,23.99,65,75,11.5
121,Saskylakh,RU,2022-02-02 18:54:37,71.9167,114.0833,-29.54,100,28,2.84
122,Lewistown,US,2022-02-02 18:54:38,40.5992,-77.5714,45.54,84,0,8.05
123,Salmas,IR,2022-02-02 18:54:38,38.1973,44.7653,25.79,74,64,5.68
124,Sokolo,ML,2022-02-02 18:54:38,14.7328,-6.1219,79.83,12,0,10.45
125,Nanakuli,US,2022-02-02 18:54:38,21.3906,-158.1547,76.1,72,1,4.09
126,Mehamn,NO,2022-02-02 18:54:39,71.0357,27.8492,17.51,83,100,6.51
127,Ilulissat,GL,2022-02-02 18:54:39,69.2167,-51.1,-5.12,80,80,12.68
128,Grand Gaube,MU,2022-02-02 18:54:39,-20.0064,57.6608,79.38,87,100,25.01
129,Mayor Pablo Lagerenza,PY,2022-02-02 18:54:40,-19.9309,-60.7718,102.7,22,66,5.57
130,Mae Hong Son,TH,2022-02-02 18:54:40,19.3003,97.9685,55.42,47,1,1.99
131,Mogadishu,SO,2022-02-02 18:54:40,2.0371,45.3438,78.89,84,100,19.57
132,Iqaluit,CA,2022-02-02 18:54:40,63.7506,-68.5145,8.33,78,100,15.01
133,Jatiroto,ID,2022-02-02 18:54:41,-7.8833,111.1167,73.63,93,100,3.67
134,Atuona,PF,2022-02-02 18:54:41,-9.8,-139.0333,77.65,78,87,15.26
135,Puerto Ayora,EC,2022-02-02 18:54:41,-0.7393,-90.3518,82.36,87,66,5.01
136,Hamilton,US,2022-02-02 18:52:33,39.1834,-84.5333,44.58,93,100,1.99
137,Nome,US,2022-02-02 18:52:41,64.5011,-165.4064,11.1,61,0,31.07
138,Sire,NG,2022-02-02 18:54:42,12.9299,5.2043,71.26,8,25,8.03
139,Strezhevoy,RU,2022-02-02 18:55:42,60.7333,77.5889,19.38,94,100,8.23
140,Tilichiki,RU,2022-02-02 18:55:42,60.4667,166.1,6.8,86,100,11.63
141,Bay City,US,2022-02-02 18:55:43,43.5945,-83.8889,28.89,91,100,5.01
142,Minab,IR,2022-02-02 18:55:43,27.1467,57.0801,69.3,36,0,11.79
143,New Norfolk,AU,2022-02-02 18:55:43,-42.7826,147.0587,54.9,72,36,1.01
144,San Jose,US,2022-02-02 18:55:10,37.3394,-121.895,61.05,25,0,3.0
145,Arinos,BR,2022-02-02 18:55:44,-15.9169,-46.1056,87.04,51,91,2.59
146,Emerald,AU,2022-02-02 18:55:44,-23.5333,148.1667,75.34,100,75,8.05
147,Ginda,IN,2022-02-02 18:55:44,30.6945,78.4932,41.86,73,100,2.95
148,Peace River,CA,2022-02-02 18:53:00,56.2501,-117.286,-9.09,77,100,6.91
149,Ribeira Grande,PT,2022-02-02 18:55:45,38.5167,-28.7,61.2,72,40,12.66
150,Lagoa,PT,2022-02-02 18:51:55,39.05,-27.9833,58.35,73,0,9.62
151,Bethel,US,2022-02-02 18:55:45,41.3712,-73.414,45.55,86,100,3.02
152,Homer,US,2022-02-02 18:55:45,59.6425,-151.5483,16.09,86,100,4.92
153,Mount Isa,AU,2022-02-02 18:55:46,-20.7333,139.5,80.37,74,100,8.05
154,Tucuma,BR,2022-02-02 18:55:46,-0.1833,-50.05,79.34,87,91,8.05
155,Torbay,CA,2022-02-02 18:55:46,47.6666,-52.7314,30.88,76,40,5.75
156,Nikita,UA,2022-02-02 18:55:47,44.5333,34.2333,36.73,98,100,5.17
157,Bitung,ID,2022-02-02 18:55:47,1.4451,125.1824,74.25,86,99,8.3
158,Cherskiy,RU,2022-02-02 18:55:47,68.75,161.3,-10.66,64,97,1.79
159,Hajnowka,PL,2022-02-02 18:55:47,52.7433,23.5812,33.03,87,100,7.0
160,Ribas Do Rio Pardo,BR,2022-02-02 18:55:48,-20.4431,-53.7592,82.76,70,100,8.99
161,Amapa,BR,2022-02-02 18:55:48,1.0,-52.0,73.11,98,100,4.52
162,Hongjiang,CN,2022-02-02 18:55:48,27.11,109.9956,34.79,96,96,2.46
163,Saint-Georges,GD,2022-02-02 18:55:48,12.0564,-61.7485,83.88,74,20,21.85
164,Hasaki,JP,2022-02-02 18:54:51,35.7333,140.8333,27.0,43,38,1.01
165,Neyshabur,IR,2022-02-02 18:55:49,36.2133,58.7958,39.04,50,0,2.3
166,Roma,US,2022-02-02 18:55:49,43.2128,-75.4557,43.81,58,51,4.0
167,Muyezerskiy,RU,2022-02-02 18:55:49,63.9333,31.65,3.15,100,93,3.49
168,Hammerfest,NO,2022-02-02 18:55:50,70.6634,23.6821,24.53,73,0,4.61
169,Luba,GQ,2022-02-02 18:55:50,3.4568,8.5547,80.96,79,13,9.22
170,Vysokogornyy,RU,2022-02-02 18:55:50,50.1167,139.15,-12.91,100,97,3.56
171,Beringovskiy,RU,2022-02-02 18:55:50,63.05,179.3167,-0.13,83,54,20.22
172,Leshukonskoye,RU,2022-02-02 18:55:51,64.8989,45.7622,7.57,99,96,2.59
173,Sungairaya,ID,2022-02-02 18:55:51,0.7,108.9,76.5,90,94,4.61
174,Ahar,IR,2022-02-02 18:55:51,38.4774,47.0699,18.64,78,3,9.91
175,Acapulco,MX,2022-02-02 18:55:52,16.8634,-99.8901,81.9,55,0,7.09
176,Komsomolskiy,UZ,2022-02-02 18:55:52,40.4272,71.7189,38.12,60,100,6.91
177,Bestobe,KZ,2022-02-02 18:55:52,52.4994,73.0975,9.16,88,100,6.2
178,Samarai,PG,2022-02-02 18:55:53,-10.6167,150.6667,79.5,81,91,7.45
179,Otradnoye,RU,2022-02-02 18:55:53,59.7775,30.8181,23.05,100,99,1.19
180,Rupert,US,2022-02-02 18:51:35,42.6191,-113.6772,19.27,79,100,0.0
181,Kuching,MY,2022-02-02 18:55:53,1.55,110.3333,77.22,94,20,2.3
182,Pisco,PE,2022-02-02 18:52:05,-13.7,-76.2167,77.05,57,0,8.05
183,Careiro Da Varzea,BR,2022-02-02 18:56:54,-3.2003,-59.8119,75.83,84,98,5.59
184,Urumqi,CN,2022-02-02 18:54:31,43.801,87.6005,-1.25,92,40,2.24
185,Carnarvon,AU,2022-02-02 18:56:54,-24.8667,113.6333,78.87,83,100,8.05
186,Te Anau,NZ,2022-02-02 18:56:54,-45.4167,167.7167,58.37,96,100,3.91
187,Farafenni,GM,2022-02-02 18:56:55,13.5667,-15.6,92.8,8,36,7.38
188,Ambon,ID,2022-02-02 18:56:55,-3.6954,128.1814,80.06,80,100,8.32
189,Castro,BR,2022-02-02 18:56:55,-24.7911,-50.0119,76.05,69,42,2.08
190,Spokane,US,2022-02-02 18:53:24,47.6166,-117.3677,23.04,58,100,1.01
191,Kahramanmaras,TR,2022-02-02 18:56:56,38.0,37.0,32.63,98,100,8.12
192,Eyl,SO,2022-02-02 18:56:56,7.9803,49.8164,75.27,75,6,18.05
193,Nauta,PE,2022-02-02 18:56:56,-4.5061,-73.5757,94.5,38,100,2.59
194,Dudinka,RU,2022-02-02 18:56:57,69.4058,86.1778,1.62,100,93,5.17
195,Half Moon Bay,US,2022-02-02 18:56:57,37.4636,-122.4286,61.34,32,0,5.99
196,Mastic Beach,US,2022-02-02 18:56:57,40.7668,-72.8521,46.31,88,100,1.01
197,San Vicente,AR,2022-02-02 18:56:58,-26.6167,-54.1333,97.68,19,39,2.13
198,Srednekolymsk,RU,2022-02-02 18:53:30,67.45,153.6833,-22.88,98,100,2.77
199,Chokurdakh,RU,2022-02-02 18:56:02,70.6333,147.9167,-18.76,98,100,7.61
200,Diamantina,BR,2022-02-02 18:56:58,-18.2494,-43.6003,70.29,83,100,3.02
201,Lasa,IT,2022-02-02 18:56:58,46.6166,10.7002,41.36,95,100,7.76
202,Isakly,RU,2022-02-02 18:56:59,54.1333,51.5333,30.97,97,100,16.08
203,Vung Tau,VN,2022-02-02 18:55:35,10.346,107.0843,78.04,83,37,19.93
204,Mocuba,MZ,2022-02-02 18:56:59,-16.8392,36.9856,73.09,92,37,3.71
205,San Cristobal,VE,2022-02-02 18:56:59,7.7669,-72.225,84.38,26,1,8.41
206,Moose Factory,CA,2022-02-02 18:57:00,51.2585,-80.6094,-0.4,55,0,12.66
207,Miandrivazo,MG,2022-02-02 18:57:00,-19.5167,45.4667,82.0,71,47,3.47
208,Port Macquarie,AU,2022-02-02 18:57:00,-31.4333,152.9167,71.49,100,75,5.75
209,Port Hardy,CA,2022-02-02 18:57:00,50.6996,-127.4199,42.76,93,100,11.5
210,Freeport,US,2022-02-02 18:54:44,40.6576,-73.5832,46.76,84,100,3.0
211,Lysyanka,UA,2022-02-02 18:57:01,49.2523,30.8295,25.09,96,86,7.14
212,Ranikhet,IN,2022-02-02 18:57:01,29.65,79.4167,39.69,73,92,4.63
213,Fort-Shevchenko,KZ,2022-02-02 18:57:02,44.5086,50.263,41.76,87,91,12.39
214,Dingtao,CN,2022-02-02 18:57:02,35.0683,115.5625,32.88,44,57,5.84
215,Jackson,US,2022-02-02 18:56:46,42.4165,-122.8345,42.75,71,64,1.14
216,Fez,MA,2022-02-02 18:55:41,34.0372,-4.9998,66.31,28,0,6.91
217,Bonfim,BR,2022-02-02 18:57:02,3.0833,-59.95,93.15,42,93,8.34
218,Vao,NC,2022-02-02 18:57:03,-22.6667,167.4833,77.83,82,100,19.01
219,Mahebourg,MU,2022-02-02 18:55:09,-20.4081,57.7,79.25,94,75,27.63
220,Baffa,PK,2022-02-02 18:57:03,34.4378,73.2194,42.78,96,100,1.74
221,Banda Aceh,ID,2022-02-02 18:52:09,5.5577,95.3222,77.68,85,26,6.22
222,Marzuq,YE,2022-02-02 18:57:03,14.4,46.4667,68.14,50,99,3.44
223,Jefferson City,US,2022-02-02 18:57:04,38.5767,-92.1735,21.36,69,100,11.99
224,Carndonagh,IE,2022-02-02 18:57:04,55.25,-7.2667,49.62,89,100,12.26
225,Maniitsoq,GL,2022-02-02 18:57:04,65.4167,-52.9,1.71,83,100,17.9
226,Talnakh,RU,2022-02-02 18:57:05,69.4865,88.3972,1.2,98,96,6.53
227,Bengkulu,ID,2022-02-02 18:58:05,-3.8004,102.2655,76.42,89,100,5.08
228,Alyangula,AU,2022-02-02 18:58:05,-13.8483,136.4192,82.27,83,100,8.05
229,Bambous Virieux,MU,2022-02-02 18:55:08,-20.3428,57.7575,79.21,94,75,27.63
230,Jalingo,NG,2022-02-02 18:58:06,8.8833,11.3667,78.62,18,7,5.41
231,Lavrentiya,RU,2022-02-02 18:58:06,65.5833,-171.0,0.75,69,1,20.78
232,Saint-Philippe,RE,2022-02-02 18:56:05,-21.3585,55.7679,80.19,93,100,31.32
233,Horsham,GB,2022-02-02 18:58:06,51.064,-0.3272,50.11,73,75,5.75
234,Charters Towers,AU,2022-02-02 18:58:07,-20.1,146.2667,77.5,86,100,5.66
235,Thinadhoo,MV,2022-02-02 18:58:07,0.5333,72.9333,82.81,70,20,8.05
236,Sao Joao Da Barra,BR,2022-02-02 18:58:07,-21.6403,-41.0511,78.89,82,98,9.26
237,Ust-Nera,RU,2022-02-02 18:58:07,64.5667,143.2,-16.83,99,98,2.39
238,Grindavik,IS,2022-02-02 18:58:08,63.8424,-22.4338,28.87,59,75,10.36
239,Ahipara,NZ,2022-02-02 18:54:55,-35.1667,173.1667,68.41,89,99,11.32
240,Sinnamary,GF,2022-02-02 18:58:09,5.3833,-52.95,80.55,76,28,11.41
241,Nanortalik,GL,2022-02-02 18:58:09,60.1432,-45.2371,6.46,74,0,12.57
242,Dongying,CN,2022-02-02 18:58:09,37.4564,118.4856,28.26,50,0,3.83
243,Bridlington,GB,2022-02-02 18:58:09,54.0831,-0.1919,50.9,90,100,14.97
244,Xai-Xai,MZ,2022-02-02 18:58:10,-25.0519,33.6442,77.49,79,0,11.23
245,Zarinsk,RU,2022-02-02 18:58:10,53.7074,84.9493,-0.56,100,88,1.92
246,North Bend,US,2022-02-02 18:58:11,43.4065,-124.2243,48.07,98,100,1.3
247,Abnub,EG,2022-02-02 18:58:11,27.2696,31.1511,61.02,32,100,4.16
248,Wufeng,CN,2022-02-02 18:58:11,27.45,104.8333,25.02,96,96,1.74
249,Saint George,US,2022-02-02 18:58:11,37.1041,-113.5841,41.63,22,0,1.99
250,Laguna,US,2022-02-02 18:58:12,38.421,-121.4238,58.87,33,0,10.0
251,Basoko,CD,2022-02-02 18:58:12,1.2391,23.616,76.57,66,100,4.07
252,Umm Kaddadah,SD,2022-02-02 18:58:12,13.6017,26.6876,73.92,17,19,6.15
253,Hellvik,NO,2022-02-02 18:58:13,59.9156,5.781,36.77,91,100,2.21
254,Bagdarin,RU,2022-02-02 18:58:13,54.4333,113.6,-19.59,96,5,4.29
255,San Juan,AR,2022-02-02 18:58:13,-31.5375,-68.5364,85.98,37,26,17.36
256,Chicama,PE,2022-02-02 18:58:14,-7.8447,-79.1469,70.34,52,4,14.03
257,Altamira,BR,2022-02-02 18:58:14,-3.2033,-52.2064,89.69,62,75,8.05
258,Ust-Ishim,RU,2022-02-02 18:58:14,57.6935,71.1665,21.47,94,100,9.42
259,Yarada,IN,2022-02-02 18:58:14,17.65,83.2667,71.92,94,20,2.3
260,Arraial Do Cabo,BR,2022-02-02 18:58:15,-22.9661,-42.0278,84.16,78,40,11.5
261,Ixtapa,MX,2022-02-02 18:56:32,20.7,-105.2,84.69,28,0,8.16
262,Gazanjyk,TM,2022-02-02 18:58:15,39.2446,55.5154,48.34,46,0,10.94
263,Manokwari,ID,2022-02-02 18:58:15,-0.8667,134.0833,76.01,83,93,3.94
264,Acolla,PE,2022-02-02 18:58:16,-11.7319,-75.5463,57.51,59,96,4.72
265,Palora,EC,2022-02-02 18:58:16,-1.7,-77.9333,71.71,80,98,1.92
266,Atlantis,ZA,2022-02-02 18:58:17,-33.5667,18.4834,65.95,97,100,8.55
267,Katsuura,JP,2022-02-02 18:58:17,35.1333,140.3,37.51,57,10,9.13
268,Kloulklubed,PW,2022-02-02 18:58:17,7.0419,134.2556,79.43,81,100,17.96
269,Haapiti,PF,2022-02-02 18:58:18,-17.5667,-149.8667,83.93,74,0,16.35
270,Roebourne,AU,2022-02-02 18:58:18,-20.7833,117.1333,82.45,70,100,9.6
271,Neiafu,TO,2022-02-02 18:58:18,-18.65,-173.9833,81.28,78,20,4.61
272,Anadyr,RU,2022-02-02 18:59:18,64.75,177.4833,7.0,59,0,17.02
273,Luoyang,CN,2022-02-02 18:59:19,34.6836,112.4536,33.94,68,100,0.96
274,Labrea,BR,2022-02-02 18:59:19,-7.2586,-64.7981,77.5,96,100,3.49
275,Caucaia,BR,2022-02-02 18:59:19,-3.7361,-38.6531,85.95,80,40,14.97
276,Najran,SA,2022-02-02 18:59:20,17.4924,44.1277,61.45,37,0,3.51
277,Kahului,US,2022-02-02 18:59:20,20.8947,-156.47,71.69,78,0,7.67
278,Zhicheng,CN,2022-02-02 18:59:20,30.2956,111.5047,36.95,69,100,2.35
279,Nokaneng,BW,2022-02-02 18:59:21,-19.6667,22.2667,77.54,62,98,5.39
280,Xapuri,BR,2022-02-02 18:59:21,-10.6517,-68.5044,83.05,84,68,3.24
281,Gabu,GW,2022-02-02 18:59:21,12.2833,-14.2167,89.08,9,0,4.36
282,Thunder Bay,CA,2022-02-02 18:56:07,48.4001,-89.3168,5.56,52,0,14.97
283,Gizo,SB,2022-02-02 18:59:21,-8.103,156.8419,81.68,79,100,15.9
284,Astana,KZ,2022-02-02 18:59:22,51.1801,71.446,4.95,92,0,4.47
285,Aklavik,CA,2022-02-02 18:59:22,68.2191,-135.0107,-29.2,75,20,3.44
286,Rawson,AR,2022-02-02 18:59:22,-43.3002,-65.1023,81.9,29,100,12.53
287,Port Lincoln,AU,2022-02-02 18:59:23,-34.7333,135.8667,61.77,77,51,12.59
288,Omsukchan,RU,2022-02-02 18:59:23,62.5333,155.8,-16.73,100,100,5.82
289,Peniche,PT,2022-02-02 18:59:23,39.3558,-9.3811,59.61,80,100,6.8
290,Itoman,JP,2022-02-02 18:59:23,26.1247,127.6694,69.82,88,75,11.5
291,Ongandjera,NA,2022-02-02 18:59:24,-17.8833,15.0667,85.75,21,86,8.7
292,Atasu,KZ,2022-02-02 18:59:24,48.6814,71.6433,12.52,86,100,4.38
293,Front Royal,US,2022-02-02 18:59:24,38.9182,-78.1944,51.19,54,0,0.0
294,Saint-Francois,FR,2022-02-02 18:59:25,46.4154,3.9054,45.84,87,100,3.44
295,Airai,TL,2022-02-02 18:59:25,-8.9266,125.4092,60.39,87,100,2.24
296,Tabuk,PH,2022-02-02 18:59:25,17.4189,121.4443,65.88,90,17,2.13
297,Dingle,PH,2022-02-02 18:58:13,10.9995,122.6711,73.89,95,100,8.12
298,Jinxiang,CN,2022-02-02 18:59:26,27.4327,120.6062,47.39,88,100,11.74
299,Zhiryatino,RU,2022-02-02 18:59:26,53.2228,33.7306,25.12,93,100,8.34
300,Kupang,ID,2022-02-02 18:59:26,-10.1667,123.5833,78.1,84,100,9.17
301,Bolgatanga,GH,2022-02-02 18:59:27,10.7856,-0.8514,77.59,7,41,6.53
302,Padang,ID,2022-02-02 18:58:53,-0.9492,100.3543,77.52,88,99,4.74
303,Kamenka,RU,2022-02-02 18:59:27,51.3223,42.7678,32.76,99,100,7.23
304,Parana,AR,2022-02-02 18:59:27,-31.732,-60.5238,101.57,30,100,4.85
305,Pevek,RU,2022-02-02 18:59:27,69.7008,170.3133,-8.88,78,39,4.61
306,Requena,ES,2022-02-02 18:59:28,39.4883,-1.1004,50.79,44,0,2.15
307,Salto,UY,2022-02-02 18:59:28,-31.3833,-57.9667,100.56,40,40,8.99
308,Alofi,NU,2022-02-02 18:59:28,-19.0595,-169.9187,73.29,94,100,5.75
309,Kilimatinde,TZ,2022-02-02 18:59:29,-5.85,34.95,66.79,88,100,2.55
310,Rapid Valley,US,2022-02-02 18:59:29,44.0625,-103.1463,9.72,67,100,5.99
311,Caravelas,BR,2022-02-02 18:59:29,-17.7125,-39.2481,82.87,71,100,8.68
312,Iskateley,RU,2022-02-02 18:59:30,67.6803,53.1512,7.57,96,100,8.32
313,Kurilsk,RU,2022-02-02 18:59:30,45.2333,147.8833,22.57,72,99,19.84
314,Adrar,MR,2022-02-02 18:59:30,20.5022,-10.0711,76.08,17,100,9.89
315,Ponta Do Sol,PT,2022-02-02 18:59:30,32.6667,-17.1,69.01,86,100,4.05
316,Naze,JP,2022-02-02 18:59:31,28.3667,129.4833,56.79,90,100,11.36
317,Kikwit,CD,2022-02-02 18:59:31,-5.041,18.8162,72.63,93,100,0.78
318,Prince Rupert,CA,2022-02-02 18:56:16,54.3161,-130.3201,42.49,100,100,6.91
319,Petatlan,MX,2022-02-02 18:59:31,17.5167,-101.2667,85.3,42,0,8.03
320,Iwanai,JP,2022-02-02 19:00:32,42.9744,140.5089,25.3,80,100,14.43
321,Alcudia,ES,2022-02-02 19:00:32,39.8532,3.1214,58.17,76,0,5.19
322,Jian,CN,2022-02-02 19:00:32,27.1172,114.9793,38.12,93,100,5.53
323,Jalu,LY,2022-02-02 19:00:33,29.0331,21.5482,54.07,54,7,14.88
324,Ancud,CL,2022-02-02 19:00:33,-41.8697,-73.8203,70.23,71,88,8.95
325,Ust-Karsk,RU,2022-02-02 19:00:33,52.7011,118.8077,-24.38,100,74,1.36
326,Kununurra,AU,2022-02-02 19:00:34,-15.7667,128.7333,76.98,94,100,6.91
327,Codrington,AU,2022-02-02 19:00:34,-38.2667,141.9667,57.18,68,48,13.94
328,Lunino,RU,2022-02-02 19:00:34,53.5918,45.2271,29.91,98,100,2.08
329,Fort Collins,US,2022-02-02 18:57:09,40.5853,-105.0844,19.44,78,100,3.0
330,Namatanai,PG,2022-02-02 19:00:35,-3.6667,152.4333,77.88,84,100,7.18
331,Severodvinsk,RU,2022-02-02 18:56:35,64.5635,39.8302,8.71,98,95,3.58
332,Orapa,BW,2022-02-02 19:00:35,-21.2833,25.3667,80.53,54,75,6.53
333,Witu,KE,2022-02-02 19:00:36,-2.3889,40.4382,80.76,84,100,11.07
334,Cockburn Town,TC,2022-02-02 18:59:19,21.4612,-71.1419,73.36,83,75,13.8
335,Pangnirtung,CA,2022-02-02 19:00:36,66.1451,-65.7125,4.95,84,100,13.33
336,Wajir,KE,2022-02-02 19:00:37,1.7471,40.0573,86.88,39,100,4.18
337,Nichinan,JP,2022-02-02 19:00:37,31.6,131.3667,42.48,82,100,6.17
338,Souillac,MU,2022-02-02 19:00:37,-20.5167,57.5167,79.18,94,75,29.93
339,Deer Lake,CA,2022-02-02 19:00:38,49.1667,-57.4316,24.57,76,52,8.9
340,Rio Grande,BR,2022-02-02 19:00:38,-32.035,-52.0986,79.74,66,0,15.97
341,Andijon,UZ,2022-02-02 19:00:38,40.7821,72.3442,38.55,61,100,4.34
342,Port Angeles,US,2022-02-02 19:00:39,48.1181,-123.4307,41.2,90,100,0.0
343,Kedrovyy,RU,2022-02-02 19:00:39,56.1667,91.8167,-12.59,98,40,3.6
344,Chapais,CA,2022-02-02 19:00:39,49.7834,-74.8492,17.38,87,100,9.37
345,Mansehra,PK,2022-02-02 19:00:40,34.3333,73.2,40.86,94,100,4.43
346,Tuatapere,NZ,2022-02-02 19:00:04,-46.1333,167.6833,56.82,92,100,7.58
347,Yumen,CN,2022-02-02 18:58:59,40.2833,97.2,23.32,33,100,9.57
348,Husavik,IS,2022-02-02 19:00:40,66.0449,-17.3389,20.39,90,99,4.52
349,Ormara,PK,2022-02-02 19:00:40,25.2088,64.6357,69.93,36,0,31.92
350,Coalinga,US,2022-02-02 18:58:28,36.1397,-120.3602,57.58,32,0,10.85
351,Nosy Varika,MG,2022-02-02 19:00:41,-20.5833,48.5333,75.4,84,66,9.4
352,Skeldon,GY,2022-02-02 19:00:41,5.8833,-57.1333,83.32,58,13,8.72
353,Hervey Bay,AU,2022-02-02 19:00:42,-25.2986,152.8535,74.03,83,100,11.52
354,Luwuk,ID,2022-02-02 19:00:42,-0.9516,122.7875,76.86,79,100,5.21
355,Bermejo,AR,2022-02-02 19:00:42,-32.8833,-68.8,81.45,46,84,2.77
356,Kruisfontein,ZA,2022-02-02 19:00:43,-34.0033,24.7314,71.89,95,100,13.8
357,Sola,VU,2022-02-02 18:57:35,-13.8833,167.55,74.07,100,75,0.0
358,Korla,CN,2022-02-02 19:00:43,41.7597,86.1469,23.77,57,16,4.72
359,Along,IN,2022-02-02 19:00:44,28.1667,94.7667,49.14,88,25,2.19
360,Ulladulla,AU,2022-02-02 19:00:44,-35.35,150.4667,62.1,70,89,12.75
361,Boromo,BF,2022-02-02 19:00:44,11.75,-2.9333,79.36,6,19,7.99
362,Evanston,US,2022-02-02 18:58:08,42.0411,-87.6901,23.02,88,100,4.0
363,Kargil,IN,2022-02-02 19:01:45,34.5667,76.1,3.11,98,100,1.92
364,Solnechnyy,RU,2022-02-02 19:01:45,50.7214,136.6319,-7.96,99,95,2.75
365,Sao Gabriel Da Cachoeira,BR,2022-02-02 19:00:27,-0.1303,-67.0892,88.92,55,97,4.0
366,Shubarshi,KZ,2022-02-02 19:01:45,48.5872,57.1869,12.31,92,51,6.8
367,Egvekinot,RU,2022-02-02 19:01:46,66.3167,-179.1667,-8.45,80,7,19.98
368,Puerto Quijarro,BO,2022-02-02 19:01:46,-17.7833,-57.7667,81.27,89,100,4.65
369,Karratha,AU,2022-02-02 19:01:46,-20.7377,116.8463,81.41,73,100,9.64
370,Axim,GH,2022-02-02 19:01:47,4.8699,-2.2405,80.73,80,9,9.84
371,Ulaangom,MN,2022-02-02 19:01:11,49.9811,92.0667,-20.56,90,99,2.1
372,Ocampo,MX,2022-02-02 19:01:47,21.65,-101.5,69.28,22,0,17.4
373,Chenghai,CN,2022-02-02 19:01:47,23.4632,116.768,56.93,88,100,9.31
374,Sokoni,TZ,2022-02-02 19:01:48,-6.4333,39.55,81.43,79,100,13.44
375,Panama City,PA,2022-02-02 19:00:16,8.9936,-79.5197,92.93,53,33,1.99
376,Cairns,AU,2022-02-02 19:01:48,-16.9167,145.7667,81.1,87,100,2.3
377,Pacific Grove,US,2022-02-02 18:58:29,36.6177,-121.9166,61.11,28,0,1.99
378,Misratah,LY,2022-02-02 19:01:48,32.3754,15.0925,56.89,70,24,23.44
379,Tecpan,GT,2022-02-02 19:01:49,14.7623,-90.9947,58.96,39,14,5.91
380,Garden City,US,2022-02-02 19:01:49,42.3256,-83.331,34.9,94,100,5.75
381,Garowe,SO,2022-02-02 19:01:49,8.4054,48.4845,72.01,64,7,17.85
382,Pangody,RU,2022-02-02 19:01:50,65.85,74.4859,-10.12,98,96,11.39
383,Mabaruma,GY,2022-02-02 19:01:50,8.2,-59.7833,84.67,59,20,8.75
384,Nsanje,MW,2022-02-02 19:01:50,-16.92,35.262,76.48,82,9,1.12
385,Victor Harbor,AU,2022-02-02 19:01:51,-35.5667,138.6167,60.46,77,90,14.05
386,Intipuca,SV,2022-02-02 19:01:51,13.1969,-88.0544,88.68,47,5,7.09
387,Yar-Sale,RU,2022-02-02 19:01:51,66.8333,70.8333,-6.23,91,100,11.63
388,Ettenheim,DE,2022-02-02 19:01:52,48.25,7.8167,49.01,90,100,5.75
389,San Javier,ES,2022-02-02 19:01:52,37.8063,-0.8374,65.89,48,0,3.0
390,Aljezur,PT,2022-02-02 18:58:52,37.3191,-8.8033,53.31,80,100,3.04
391,Sao Filipe,CV,2022-02-02 18:58:11,14.8961,-24.4956,74.84,71,11,18.68
392,Tak,TH,2022-02-02 19:01:19,16.5833,98.8333,61.21,70,3,1.7
393,Barcelona,ES,2022-02-02 18:59:50,41.3888,2.159,59.9,78,0,1.01
394,Vila Velha,BR,2022-02-02 18:57:12,-20.3297,-40.2925,80.55,84,75,5.75
395,Margate,GB,2022-02-02 19:01:09,51.3813,1.3862,49.69,80,100,1.01
396,South River,US,2022-02-02 19:00:14,40.4465,-74.386,47.01,88,100,1.21
397,Kodiak,US,2022-02-02 18:57:45,57.79,-152.4072,35.11,93,100,4.61
398,Santa Rosa,PH,2022-02-02 19:01:28,14.3122,121.1114,78.1,76,86,9.01
399,Merrill,US,2022-02-02 19:01:53,45.1805,-89.6835,9.81,52,0,9.22
400,Ugoofaaru,MV,2022-02-02 19:01:53,5.6667,73.0,82.08,71,26,9.33
401,Clyde River,CA,2022-02-02 19:01:54,70.4692,-68.5914,-19.97,76,100,6.91
402,Sitka,US,2022-02-02 19:01:54,57.0531,-135.33,35.49,93,100,4.61
403,Sandwick,GB,2022-02-02 19:01:54,60.0,-1.25,46.22,93,100,21.85
404,Harper,LR,2022-02-02 19:02:55,4.375,-7.7169,80.04,76,100,9.62
405,Nueve De Julio,AR,2022-02-02 19:02:55,-35.4444,-60.8831,90.27,44,99,3.15
406,Kavaratti,IN,2022-02-02 19:00:27,10.5669,72.642,80.11,71,6,10.89
407,Unidos,PH,2022-02-02 19:02:55,8.5942,123.668,77.49,87,100,9.15
408,Kyra,RU,2022-02-02 19:02:56,49.5776,111.9753,-11.36,92,13,5.75
409,Bafoulabe,ML,2022-02-02 19:02:56,13.8065,-10.8321,87.39,8,1,6.26
410,The Valley,AI,2022-02-02 19:02:56,18.217,-63.0578,80.1,75,6,13.06
411,Nouadhibou,MR,2022-02-02 19:02:57,20.931,-17.0347,68.65,71,4,13.11
412,Wonthaggi,AU,2022-02-02 19:02:57,-38.6044,145.5913,59.83,67,100,15.05
413,San Patricio,US,2022-02-02 19:02:57,28.017,-97.5169,78.89,66,100,15.7
414,Wajima,JP,2022-02-02 19:02:58,37.4,136.9,40.64,65,100,22.17
415,San Lorenzo,PY,2022-02-02 18:58:54,-25.3333,-57.5333,99.59,33,40,14.0
416,Cayenne,GF,2022-02-02 19:00:09,4.9333,-52.3333,80.1,87,90,7.0
417,Judaberg,NO,2022-02-02 19:02:58,59.1659,5.8732,39.06,93,100,9.31
418,Abu Dhabi,AE,2022-02-02 18:59:18,24.4667,54.3667,68.11,62,20,5.75
419,Tucurui,BR,2022-02-02 19:02:58,-3.7661,-49.6725,83.64,77,31,4.47
420,Poya,NC,2022-02-02 19:02:59,-21.35,165.15,74.91,87,56,1.39
421,Reshetikha,RU,2022-02-02 19:02:59,56.2189,43.2936,17.33,98,90,5.17
422,Rocha,UY,2022-02-02 19:02:59,-34.4833,-54.3333,88.21,34,0,9.26
423,Santa Vitoria Do Palmar,BR,2022-02-02 19:03:00,-33.5189,-53.3681,81.84,55,0,11.36
424,Havre-Saint-Pierre,CA,2022-02-02 19:03:00,50.2334,-63.5986,23.36,86,100,13.8
425,Skelleftea,SE,2022-02-02 19:03:00,64.7507,20.9528,10.99,65,100,6.91
426,Nuevo Progreso,MX,2022-02-02 19:03:01,23.1667,-97.95,83.89,60,1,4.0
427,Izmalkovo,RU,2022-02-02 19:03:01,52.6887,37.964,12.61,97,100,3.33
428,Lesozavodsk,RU,2022-02-02 19:03:01,45.4794,133.4244,2.32,97,100,4.79
429,Des Moines,US,2022-02-02 19:03:01,41.6005,-93.6091,13.24,62,75,7.0
430,Griffith,US,2022-02-02 18:59:25,41.5284,-87.4237,28.6,93,100,5.01
431,Salinopolis,BR,2022-02-02 19:03:02,-0.6136,-47.3561,80.82,79,99,14.58
432,Antsohihy,MG,2022-02-02 19:03:02,-14.8796,47.9875,75.61,92,100,3.8
433,Wum,CM,2022-02-02 19:03:02,6.3833,10.0667,74.48,29,7,1.74
434,Neustadt,DE,2022-02-02 19:03:03,49.7117,12.0872,37.98,81,100,5.75
435,Isangel,VU,2022-02-02 19:03:03,-19.55,169.2667,77.45,89,100,2.64
436,Guanica,PR,2022-02-02 19:03:03,17.9716,-66.908,85.5,67,6,11.99
437,Lata,PT,2022-02-02 18:58:35,40.1629,-8.3327,55.06,65,82,0.65
438,Sobolevo,RU,2022-02-02 19:03:04,54.4299,31.8996,24.3,94,100,9.95
439,Orebro,SE,2022-02-02 19:03:04,59.2741,15.2066,28.58,50,75,4.61
440,Fukue,JP,2022-02-02 19:03:04,32.6881,128.8419,46.11,52,100,17.45
441,Puertollano,ES,2022-02-02 19:03:05,38.6871,-4.1073,55.96,58,0,1.79
442,Karpathos,GR,2022-02-02 19:03:05,35.507,27.2132,58.96,77,100,19.57
443,Praia Da Vitoria,PT,2022-02-02 19:03:06,38.7333,-27.0667,60.76,78,12,9.37
444,Cabo San Lucas,MX,2022-02-02 19:02:42,22.8909,-109.9124,79.9,38,20,5.01
445,Gigmoto,PH,2022-02-02 19:02:08,13.7796,124.39,77.05,88,100,13.67
446,Anloga,GH,2022-02-02 19:03:06,5.7947,0.8973,81.9,76,3,13.56
447,Lodja,CD,2022-02-02 19:03:07,-3.4833,23.4333,70.68,96,100,0.13
448,Dovolnoye,RU,2022-02-02 19:03:07,54.4958,79.6671,-4.61,100,100,4.16
449,Miri,MY,2022-02-02 19:04:07,4.4148,114.0089,76.57,91,100,4.34
450,Batangafo,CF,2022-02-02 19:04:08,7.3008,18.2833,78.66,16,7,3.65
451,Tateyama,JP,2022-02-02 19:04:08,34.9833,139.8667,37.42,58,12,8.97
452,Grafton,US,2022-02-02 19:03:32,42.207,-71.6856,45.93,71,100,1.99
453,Pauini,BR,2022-02-02 19:04:08,-7.7136,-66.9764,76.37,97,100,3.94
454,Savannah Bight,HN,2022-02-02 19:04:09,16.45,-85.85,82.99,73,0,21.03
455,Carnot,CF,2022-02-02 19:04:09,4.9409,15.8665,76.15,22,52,2.37
456,Inyonga,TZ,2022-02-02 19:04:09,-6.7167,32.0667,65.97,94,100,2.71
457,Phuket,TH,2022-02-02 19:04:10,8.0,98.25,87.1,83,40,2.3
458,Qasigiannguit,GL,2022-02-02 19:04:11,68.8193,-51.1922,1.65,70,29,11.9
459,Lompoc,US,2022-02-02 19:04:11,34.6391,-120.4579,62.56,32,0,11.5
460,Pyay,MM,2022-02-02 19:04:11,18.8167,95.2167,64.22,58,3,3.56
461,Porbandar,IN,2022-02-02 19:04:12,21.6422,69.6093,72.3,80,1,11.01
462,Tarko-Sale,RU,2022-02-02 19:04:12,64.9225,77.785,-13.09,98,87,10.49
463,Bulgan,MN,2022-02-02 19:04:12,48.8125,103.5347,-5.94,86,9,4.45
464,Mocajuba,BR,2022-02-02 19:04:13,-2.5842,-49.5072,83.01,73,98,4.14
465,La Ronge,CA,2022-02-02 19:00:36,55.1001,-105.2842,-13.14,85,6,6.62
466,Kalakamati,BW,2022-02-02 19:04:13,-20.5929,27.3121,74.77,67,92,1.12
467,Xining,CN,2022-02-02 19:00:51,36.6167,101.7667,13.32,66,72,2.26
468,La Arena,PE,2022-02-02 19:04:14,-5.3466,-80.7109,89.08,37,1,17.65
469,Juegang,CN,2022-02-02 19:04:14,32.3174,121.1855,40.98,70,100,6.85
470,Dunedin,NZ,2022-02-02 19:04:14,-45.8742,170.5036,58.05,96,100,12.86
471,Tabou,CI,2022-02-02 19:04:15,4.423,-7.3528,80.26,76,100,9.42
472,Poso,ID,2022-02-02 19:04:15,-1.3959,120.7524,75.45,72,100,4.43
473,Djambala,CG,2022-02-02 19:04:15,-2.5447,14.7533,72.57,81,100,1.34
474,Nizwa,OM,2022-02-02 19:04:15,22.9333,57.5333,69.84,53,2,2.39
475,Santa Maria Del Oro,MX,2022-02-02 19:04:16,25.9333,-105.3667,70.02,20,14,21.68
476,Ziarat,PK,2022-02-02 19:01:45,30.3823,67.7282,31.35,69,45,16.98
477,Abha,SA,2022-02-02 19:04:16,18.2164,42.5053,59.25,51,0,5.75
478,Los Llanos De Aridane,ES,2022-02-02 19:04:16,28.6585,-17.9182,64.15,91,0,4.0
479,Nuuk,GL,2022-02-02 19:04:17,64.1835,-51.7216,9.21,47,75,13.8
480,Vostok,RU,2022-02-02 19:04:17,46.4856,135.8833,-4.81,99,100,3.62
481,Sirsa,IN,2022-02-02 19:04:17,29.5333,75.0167,60.69,47,100,15.77
482,Kungurtug,RU,2022-02-02 19:04:18,50.5994,97.5228,-16.17,96,47,1.86
483,Luderitz,NA,2022-02-02 19:04:18,-26.6481,15.1594,67.51,81,54,1.3
484,Mae Sai,TH,2022-02-02 19:04:18,20.4335,99.8762,60.89,46,1,2.84
485,Kushtagi,IN,2022-02-02 19:04:19,15.7667,76.2,71.55,41,0,4.12
486,Bosaso,SO,2022-02-02 19:04:19,11.2842,49.1816,74.8,72,13,5.84
487,Olga,RU,2022-02-02 19:04:19,43.7444,135.2892,12.34,60,6,9.24
488,Katherine,AU,2022-02-02 19:04:19,-14.4667,132.2667,77.32,88,98,5.75
489,Yaan,NG,2022-02-02 19:04:20,7.3833,8.5667,86.13,13,1,4.34
490,Aguimes,ES,2022-02-02 19:04:20,27.9054,-15.4461,70.43,46,20,10.36
491,Palmer,US,2022-02-02 19:04:21,42.1584,-72.3287,46.65,68,100,1.01
492,Moyale,KE,2022-02-02 19:04:21,3.5167,39.0584,74.5,43,100,2.93
493,Yatou,CN,2022-02-02 19:04:21,37.15,122.3833,26.98,64,6,5.77
494,Siniscola,IT,2022-02-02 19:04:22,40.5719,9.6922,54.95,86,0,5.82
495,Avera,US,2022-02-02 19:04:22,33.194,-82.5271,65.08,61,64,10.6
496,Ghanzi,BW,2022-02-02 19:04:22,-21.5667,21.7833,75.2,64,49,7.38
497,Flin Flon,CA,2022-02-02 19:01:28,54.7682,-101.865,-9.58,79,12,9.82
498,Sampit,ID,2022-02-02 19:05:22,-2.5333,112.95,73.69,97,100,2.95
499,Bogorodskoye,RU,2022-02-02 19:05:23,56.55,37.8833,22.26,91,100,5.73
500,Palm Springs,US,2022-02-02 19:03:21,33.8303,-116.5453,63.36,20,0,5.01
501,Prachuap Khiri Khan,TH,2022-02-02 19:05:23,12.2167,99.75,69.1,94,6,2.39
502,Allanridge,ZA,2022-02-02 19:05:23,-27.7543,26.6438,71.6,80,68,4.09
503,Tazovskiy,RU,2022-02-02 19:05:24,67.4667,78.7,-15.02,99,100,7.58
504,Goderich,CA,2022-02-02 19:05:24,43.7501,-81.7165,30.9,97,100,15.64
505,Vardo,NO,2022-02-02 19:00:39,70.3705,31.1107,30.18,55,75,18.41
506,Zhigansk,RU,2022-02-02 19:05:24,66.7697,123.3711,-12.23,99,100,2.48
507,Bairiki,KI,2022-02-02 19:05:25,1.3292,172.9752,77.0,94,75,4.61
508,Bahir Dar,ET,2022-02-02 19:05:25,11.5936,37.3908,64.54,75,64,4.38
509,Aykhal,RU,2022-02-02 19:05:25,66.0,111.5,-20.99,100,5,3.0
510,Brigantine,US,2022-02-02 19:05:26,39.4101,-74.3646,50.2,90,100,4.61
511,Lumeje,AO,2022-02-02 19:05:26,-11.55,20.7833,69.55,79,6,3.02
512,Praia,CV,2022-02-02 19:04:46,14.9215,-23.5087,73.94,73,3,23.02
513,Moron,AR,2022-02-02 19:05:26,-34.6534,-58.6198,97.02,40,14,7.16
514,Wanning,CN,2022-02-02 19:05:26,18.8003,110.3967,63.43,93,63,9.93
515,Nakonde,ZM,2022-02-02 19:05:27,-9.3421,32.745,61.21,98,100,5.32
516,Kumba,CM,2022-02-02 19:05:27,4.6363,9.4469,78.21,63,0,0.87
517,Durban,ZA,2022-02-02 19:05:27,-29.8579,31.0292,80.92,91,11,3.0
518,Nantucket,US,2022-02-02 19:05:28,41.2835,-70.0995,44.71,94,100,9.37
519,Kokstad,ZA,2022-02-02 19:05:28,-30.5472,29.4241,69.17,90,93,3.27
520,Umm Lajj,SA,2022-02-02 19:05:28,25.0213,37.2685,70.21,47,0,3.4
521,Elko,US,2022-02-02 19:05:28,41.0002,-115.5012,24.75,46,5,13.0
522,Paragominas,BR,2022-02-02 19:05:29,-2.9667,-47.4833,82.29,76,85,3.8
523,Grand-Santi,GF,2022-02-02 19:05:29,4.25,-54.3833,79.38,89,83,4.54
524,Vokhma,RU,2022-02-02 19:05:29,58.9303,46.7586,22.93,96,100,8.03
525,Kudahuvadhoo,MV,2022-02-02 19:05:30,2.6708,72.8944,81.14,75,2,9.46
526,Hambantota,LK,2022-02-02 19:05:30,6.1241,81.1185,73.74,94,20,3.44
527,Boffa,GN,2022-02-02 19:05:30,10.1667,-14.0333,81.5,63,16,7.85
528,Fairbanks,US,2022-02-02 19:05:31,64.8378,-147.7164,-34.64,98,0,0.0
529,Poum,NC,2022-02-02 19:05:31,-20.2333,164.0167,79.45,78,0,12.35
530,Alice Springs,AU,2022-02-02 19:05:31,-23.7,133.8833,65.75,88,100,8.05
531,Plettenberg Bay,ZA,2022-02-02 19:05:31,-34.0527,23.3716,69.28,95,100,5.35
532,Torbat-E Jam,IR,2022-02-02 19:05:32,35.244,60.6225,42.01,46,0,5.06
533,Klaksvik,FO,2022-02-02 19:00:47,62.2266,-6.589,38.32,81,100,10.04
534,Herrin,US,2022-02-02 19:05:32,37.8031,-89.0276,32.22,94,100,11.5
535,Oranjemund,NA,2022-02-02 19:05:33,-28.55,16.4333,67.77,86,100,7.11
536,Jimenez,MX,2022-02-02 19:05:33,28.3333,-105.4,61.54,39,100,21.18
537,Pithoragarh,IN,2022-02-02 19:05:33,29.5833,80.2167,40.17,83,53,2.15
538,Byron Bay,AU,2022-02-02 19:03:20,-28.65,153.6167,77.88,96,95,8.5
539,Kavieng,PG,2022-02-02 19:05:34,-2.5744,150.7967,77.27,87,100,13.18
540,Kieta,PG,2022-02-02 19:05:34,-6.2167,155.6333,80.02,82,100,8.19
541,Chatellerault,FR,2022-02-02 19:05:34,46.8,0.5333,47.55,41,12,2.26
542,Mingaora,PK,2022-02-02 19:05:35,34.7758,72.3625,44.65,76,100,3.69
543,Lutz,US,2022-02-02 19:05:35,28.1511,-82.4615,81.5,52,40,3.0
544,Tukrah,LY,2022-02-02 19:05:35,32.5341,20.5791,54.68,60,95,19.89
545,Kajaani,FI,2022-02-02 19:05:35,64.2273,27.7285,-5.75,84,0,1.14
546,Uberlandia,BR,2022-02-02 19:02:36,-18.9186,-48.2772,74.93,75,100,4.5
547,Kiama,AU,2022-02-02 19:04:36,-34.6833,150.8667,64.58,75,100,1.99
548,Iralaya,HN,2022-02-02 19:06:36,15.0,-83.2333,81.97,65,3,10.16
549,Changji,CN,2022-02-02 19:06:36,44.0167,87.3167,2.19,92,40,2.24
550,Suba,PH,2022-02-02 19:06:37,10.8438,121.0102,79.88,83,100,21.12
551,Sovetskiy,RU,2022-02-02 19:06:37,61.3614,63.5842,22.3,97,100,5.46
552,Puerto Baquerizo Moreno,EC,2022-02-02 19:06:37,-0.9,-89.6,83.39,65,20,13.8
553,Metro,ID,2022-02-02 19:06:38,-5.1131,105.3067,74.35,91,98,4.27
554,Westport,US,2022-02-02 19:06:38,41.1415,-73.3579,46.78,88,100,1.99
555,Berlevag,NO,2022-02-02 19:06:38,70.8578,29.0864,17.55,93,100,5.75
556,San Luis,AR,2022-02-02 19:06:39,-33.295,-66.3356,73.54,51,100,17.63
557,Hohhot,CN,2022-02-02 19:06:39,40.8106,111.6522,10.15,57,4,4.92
